/*====================================================
  예시 데이터 (Seed Data) v2
  테스트용 계정 2개:
    - middle@test.com / test1234  (중학생: 김민준)
    - high@test.com   / test1234  (고등학생: 이서연)

  기능별 테스트 시나리오:
    [위험 상태]
    - 중학생 수학 → HIGH  (2026-1 중간=61, 이전학기 avg=75, delta=-14)
    - 중학생 과학 → MEDIUM (delta=-3)
    - 중학생 미술 → INSUFFICIENT (성적 1건 뿐)
    - 중학생 국어/영어/사회 → LOW
    - 고등학생 과학 → HIGH  (2026-1 중간=58, 이전학기 avg=71, delta=-13)
    - 고등학생 국어 → MEDIUM (delta=-6)
    - 고등학생 한국사 → LOW + 상승 추세
    - 고등학생 수학/영어/사회 → LOW
    [공부 기록 신호]
    - 중학생 사회: 마지막 기록 05-04 (7일 초과 결핍)
    - 고등학생 영어: 마지막 기록 05-04 (7일 초과 결핍)
    - 고등학생 과학: 집중도 평균 2.0 (낮음 패널티 적용)
    [기타]
    - 완료된 할 일 (체크리스트 UI)
    - 과목 목표 (목표 점수/날짜)
    - 모의고사 기록 (고등학생, 2024-2026)
    - 성적 예측은 비워둠 (사용자가 직접 생성 버튼으로 테스트)
    - 취약점·학습추천은 시스템 생성이므로 시드 미포함

  초기화(재실행):
    DELETE FROM auth.users WHERE email IN ('middle@test.com','high@test.com');
====================================================*/

/*----------------------------------------------------
  mock_exam_records 테이블 (없으면 생성)
----------------------------------------------------*/
create table if not exists public.mock_exam_records (
  id uuid primary key default gen_random_uuid(),
  user_id uuid not null references auth.users(id) on delete cascade,
  exam_year int not null,
  exam_month int not null check (exam_month in (3, 4, 5, 6, 7, 9, 10, 11)),
  subject text not null,
  raw_score int check (raw_score >= 0 and raw_score <= 100),
  percentile numeric(5,2) check (percentile >= 0 and percentile <= 100),
  grade int check (grade >= 1 and grade <= 9),
  target_score int check (target_score >= 0 and target_score <= 100),
  created_at timestamp with time zone default now(),
  unique(user_id, exam_year, exam_month, subject)
);

alter table if exists public.mock_exam_records enable row level security;

do $rls$
begin
  if not exists (
    select 1 from pg_policies
    where schemaname = 'public'
      and tablename  = 'mock_exam_records'
      and policyname = 'mock_exam_records_select_own'
  ) then
    execute 'create policy "mock_exam_records_select_own" on public.mock_exam_records for select using (auth.uid() = user_id)';
    execute 'create policy "mock_exam_records_insert_own" on public.mock_exam_records for insert with check (auth.uid() = user_id)';
    execute 'create policy "mock_exam_records_update_own" on public.mock_exam_records for update using (auth.uid() = user_id) with check (auth.uid() = user_id)';
    execute 'create policy "mock_exam_records_delete_own" on public.mock_exam_records for delete using (auth.uid() = user_id)';
  end if;
end $rls$;

grant select, insert, update, delete on public.mock_exam_records to authenticated;

DO $$
DECLARE
  -- ── 사용자 UUID ───────────────────────────────────
  mid_id  uuid := 'aaa00000-0000-4000-8000-000000000000';  -- 김민준 (중학생)
  high_id uuid := 'bbb00000-0000-4000-8000-000000000000';  -- 이서연 (고등학생)

  -- ── 중학생 학기 UUID ──────────────────────────────
  m_s1 uuid := 'a1000001-0000-4000-8000-000000000000';  -- 2024-1
  m_s2 uuid := 'a1000002-0000-4000-8000-000000000000';  -- 2024-2
  m_s3 uuid := 'a1000003-0000-4000-8000-000000000000';  -- 2025-1
  m_s4 uuid := 'a1000004-0000-4000-8000-000000000000';  -- 2025-2
  m_s5 uuid := 'a1000005-0000-4000-8000-000000000000';  -- 2026-1 (현재)

  -- ── 중학생 과목 UUID ──────────────────────────────
  m_kor  uuid := 'a2000001-0000-4000-8000-000000000000';  -- 국어
  m_eng  uuid := 'a2000002-0000-4000-8000-000000000000';  -- 영어
  m_math uuid := 'a2000003-0000-4000-8000-000000000000';  -- 수학
  m_sci  uuid := 'a2000004-0000-4000-8000-000000000000';  -- 과학
  m_soc  uuid := 'a2000005-0000-4000-8000-000000000000';  -- 사회
  m_art  uuid := 'a2000006-0000-4000-8000-000000000000';  -- 미술 (NEW — INSUFFICIENT 시나리오)

  -- ── 고등학생 학기 UUID ────────────────────────────
  h_s1 uuid := 'b1000001-0000-4000-8000-000000000000';  -- 2024-1
  h_s2 uuid := 'b1000002-0000-4000-8000-000000000000';  -- 2024-2
  h_s3 uuid := 'b1000003-0000-4000-8000-000000000000';  -- 2025-1
  h_s4 uuid := 'b1000004-0000-4000-8000-000000000000';  -- 2025-2
  h_s5 uuid := 'b1000005-0000-4000-8000-000000000000';  -- 2026-1 (현재)

  -- ── 고등학생 과목 UUID ────────────────────────────
  h_kor  uuid := 'b2000001-0000-4000-8000-000000000000';  -- 화법과 작문 (국어)
  h_eng  uuid := 'b2000002-0000-4000-8000-000000000000';  -- 영어Ⅰ (영어)
  h_math uuid := 'b2000003-0000-4000-8000-000000000000';  -- 수학Ⅱ (수학)
  h_sci  uuid := 'b2000004-0000-4000-8000-000000000000';  -- 물리학Ⅰ (과학)
  h_soc  uuid := 'b2000005-0000-4000-8000-000000000000';  -- 사회문화 (사회)
  h_hist uuid := 'b2000006-0000-4000-8000-000000000000';  -- 한국사
  h_kor2 uuid := 'b2000007-0000-4000-8000-000000000000';  -- 언어와 매체 (국어)
  h_mat1 uuid := 'b2000008-0000-4000-8000-000000000000';  -- 수학Ⅰ (수학)
  h_calc uuid := 'b2000009-0000-4000-8000-000000000000';  -- 미적분 (수학)
  h_chem uuid := 'b200000a-0000-4000-8000-000000000000';  -- 화학Ⅰ (과학)

BEGIN

  -- ============================================================
  -- 1. AUTH USERS
  -- ============================================================
  INSERT INTO auth.users (
    instance_id, id, aud, role, email,
    encrypted_password, email_confirmed_at,
    raw_app_meta_data, raw_user_meta_data,
    is_super_admin, created_at, updated_at,
    confirmation_token, email_change, email_change_token_new, recovery_token
  ) VALUES
  (
    '00000000-0000-0000-0000-000000000000',
    mid_id, 'authenticated', 'authenticated', 'middle@test.com',
    crypt('test1234', gen_salt('bf')), now(),
    '{"provider":"email","providers":["email"]}'::jsonb, '{}'::jsonb,
    false, now(), now(), '', '', '', ''
  ),
  (
    '00000000-0000-0000-0000-000000000000',
    high_id, 'authenticated', 'authenticated', 'high@test.com',
    crypt('test1234', gen_salt('bf')), now(),
    '{"provider":"email","providers":["email"]}'::jsonb, '{}'::jsonb,
    false, now(), now(), '', '', '', ''
  );

  INSERT INTO auth.identities (
    id, user_id, provider_id, identity_data, provider,
    last_sign_in_at, created_at, updated_at
  ) VALUES
  (
    gen_random_uuid(), mid_id, 'middle@test.com',
    jsonb_build_object('sub', mid_id::text, 'email', 'middle@test.com'),
    'email', now(), now(), now()
  ),
  (
    gen_random_uuid(), high_id, 'high@test.com',
    jsonb_build_object('sub', high_id::text, 'email', 'high@test.com'),
    'email', now(), now(), now()
  );

  -- ============================================================
  -- 2. PROFILES
  -- ============================================================
  INSERT INTO public.profiles (id, email, name, school_level)
  VALUES
  (mid_id,  'middle@test.com', '김민준', 'middle'),
  (high_id, 'high@test.com',   '이서연', 'high');

  -- ============================================================
  -- 3. USER ROLES
  -- ============================================================
  INSERT INTO public.user_roles (user_id, role)
  VALUES (mid_id, 'user'), (high_id, 'user');

  -- ============================================================
  -- 4. SEMESTERS
  -- ============================================================
  INSERT INTO public.semesters (id, user_id, year, semester_type, name, is_current)
  VALUES
  (m_s1, mid_id, 2024, 'semester_1', '2024년 1학기', false),
  (m_s2, mid_id, 2024, 'semester_2', '2024년 2학기', false),
  (m_s3, mid_id, 2025, 'semester_1', '2025년 1학기', false),
  (m_s4, mid_id, 2025, 'semester_2', '2025년 2학기', false),
  (m_s5, mid_id, 2026, 'semester_1', '2026년 1학기', true),
  (h_s1, high_id, 2024, 'semester_1', '2024년 1학기', false),
  (h_s2, high_id, 2024, 'semester_2', '2024년 2학기', false),
  (h_s3, high_id, 2025, 'semester_1', '2025년 1학기', false),
  (h_s4, high_id, 2025, 'semester_2', '2025년 2학기', false),
  (h_s5, high_id, 2026, 'semester_1', '2026년 1학기', true);

  -- ============================================================
  -- 5. SUBJECTS
  --    중학생: 국어/영어/수학/과학/사회(m_s1에서 시작) + 미술(m_s5 신규)
  --    고등학생: 국어/영어/수학/과학/사회/한국사(h_s1에서 시작)
  -- ============================================================
  INSERT INTO public.subjects (id, user_id, semester_id, name, category, display_order)
  VALUES
  -- 중학생: 카테고리 없음 (과목명 그대로 표시)
  (m_kor,  mid_id, m_s1, '국어',   null, 1),
  (m_eng,  mid_id, m_s1, '영어',   null, 2),
  (m_math, mid_id, m_s1, '수학',   null, 3),
  (m_sci,  mid_id, m_s1, '과학',   null, 4),
  (m_soc,  mid_id, m_s1, '사회',   null, 5),
  (m_art,  mid_id, m_s5, '미술',   null, 6),
  -- 고등학생: 카테고리 → 세부 과목명 구조
  (h_kor,  high_id, h_s1, '화법과 작문',  '국어',   1),
  (h_kor2, high_id, h_s3, '언어와 매체',  '국어',   2),
  (h_eng,  high_id, h_s1, '영어Ⅰ',       '영어',   3),
  (h_mat1, high_id, h_s3, '수학Ⅰ',       '수학',   4),
  (h_math, high_id, h_s1, '수학Ⅱ',       '수학',   5),
  (h_calc, high_id, h_s4, '미적분',       '수학',   6),
  (h_sci,  high_id, h_s1, '물리학Ⅰ',     '과학',   7),
  (h_chem, high_id, h_s3, '화학Ⅰ',       '과학',   8),
  (h_soc,  high_id, h_s1, '사회문화',     '사회',   9),
  (h_hist, high_id, h_s1, '한국사',       '한국사', 10);

  -- ============================================================
  -- 6. EXAMS (중학생)
  --    UUID: a3[type][sub][sem]00-0000-4000-8000-000000000000
  --      type: 1=중간  2=기말  3=수행평가
  --      sub:  1=국어  2=영어  3=수학  4=과학  5=사회  6=미술
  --      sem:  01=2024-1  02=2024-2  03=2025-1  04=2025-2  05=2026-1
  --    2026-1은 중간고사만 (현실적: 5월 기준 기말 미시행)
  --    미술은 2026-1 수행평가만 (INSUFFICIENT 시나리오)
  -- ============================================================
  INSERT INTO public.exams (id, user_id, subject_id, exam_semester, title, exam_type)
  VALUES
  -- ── 2024-1 ──
  ('a3110100-0000-4000-8000-000000000000', mid_id, m_kor,  m_s1, '2024-1학기 중간고사', 'midterm'),
  ('a3120100-0000-4000-8000-000000000000', mid_id, m_eng,  m_s1, '2024-1학기 중간고사', 'midterm'),
  ('a3130100-0000-4000-8000-000000000000', mid_id, m_math, m_s1, '2024-1학기 중간고사', 'midterm'),
  ('a3140100-0000-4000-8000-000000000000', mid_id, m_sci,  m_s1, '2024-1학기 중간고사', 'midterm'),
  ('a3150100-0000-4000-8000-000000000000', mid_id, m_soc,  m_s1, '2024-1학기 중간고사', 'midterm'),
  ('a3210100-0000-4000-8000-000000000000', mid_id, m_kor,  m_s1, '2024-1학기 기말고사', 'final'),
  ('a3220100-0000-4000-8000-000000000000', mid_id, m_eng,  m_s1, '2024-1학기 기말고사', 'final'),
  ('a3230100-0000-4000-8000-000000000000', mid_id, m_math, m_s1, '2024-1학기 기말고사', 'final'),
  ('a3240100-0000-4000-8000-000000000000', mid_id, m_sci,  m_s1, '2024-1학기 기말고사', 'final'),
  ('a3250100-0000-4000-8000-000000000000', mid_id, m_soc,  m_s1, '2024-1학기 기말고사', 'final'),
  ('a3310100-0000-4000-8000-000000000000', mid_id, m_kor,  m_s1, '2024-1학기 수행평가', 'assignment'),
  ('a3320100-0000-4000-8000-000000000000', mid_id, m_eng,  m_s1, '2024-1학기 수행평가', 'assignment'),
  ('a3330100-0000-4000-8000-000000000000', mid_id, m_math, m_s1, '2024-1학기 수행평가', 'assignment'),
  ('a3340100-0000-4000-8000-000000000000', mid_id, m_sci,  m_s1, '2024-1학기 수행평가', 'assignment'),
  ('a3350100-0000-4000-8000-000000000000', mid_id, m_soc,  m_s1, '2024-1학기 수행평가', 'assignment'),
  -- ── 2024-2 ──
  ('a3110200-0000-4000-8000-000000000000', mid_id, m_kor,  m_s2, '2024-2학기 중간고사', 'midterm'),
  ('a3120200-0000-4000-8000-000000000000', mid_id, m_eng,  m_s2, '2024-2학기 중간고사', 'midterm'),
  ('a3130200-0000-4000-8000-000000000000', mid_id, m_math, m_s2, '2024-2학기 중간고사', 'midterm'),
  ('a3140200-0000-4000-8000-000000000000', mid_id, m_sci,  m_s2, '2024-2학기 중간고사', 'midterm'),
  ('a3150200-0000-4000-8000-000000000000', mid_id, m_soc,  m_s2, '2024-2학기 중간고사', 'midterm'),
  ('a3210200-0000-4000-8000-000000000000', mid_id, m_kor,  m_s2, '2024-2학기 기말고사', 'final'),
  ('a3220200-0000-4000-8000-000000000000', mid_id, m_eng,  m_s2, '2024-2학기 기말고사', 'final'),
  ('a3230200-0000-4000-8000-000000000000', mid_id, m_math, m_s2, '2024-2학기 기말고사', 'final'),
  ('a3240200-0000-4000-8000-000000000000', mid_id, m_sci,  m_s2, '2024-2학기 기말고사', 'final'),
  ('a3250200-0000-4000-8000-000000000000', mid_id, m_soc,  m_s2, '2024-2학기 기말고사', 'final'),
  ('a3310200-0000-4000-8000-000000000000', mid_id, m_kor,  m_s2, '2024-2학기 수행평가', 'assignment'),
  ('a3320200-0000-4000-8000-000000000000', mid_id, m_eng,  m_s2, '2024-2학기 수행평가', 'assignment'),
  ('a3330200-0000-4000-8000-000000000000', mid_id, m_math, m_s2, '2024-2학기 수행평가', 'assignment'),
  ('a3340200-0000-4000-8000-000000000000', mid_id, m_sci,  m_s2, '2024-2학기 수행평가', 'assignment'),
  ('a3350200-0000-4000-8000-000000000000', mid_id, m_soc,  m_s2, '2024-2학기 수행평가', 'assignment'),
  -- ── 2025-1 ──
  ('a3110300-0000-4000-8000-000000000000', mid_id, m_kor,  m_s3, '2025-1학기 중간고사', 'midterm'),
  ('a3120300-0000-4000-8000-000000000000', mid_id, m_eng,  m_s3, '2025-1학기 중간고사', 'midterm'),
  ('a3130300-0000-4000-8000-000000000000', mid_id, m_math, m_s3, '2025-1학기 중간고사', 'midterm'),
  ('a3140300-0000-4000-8000-000000000000', mid_id, m_sci,  m_s3, '2025-1학기 중간고사', 'midterm'),
  ('a3150300-0000-4000-8000-000000000000', mid_id, m_soc,  m_s3, '2025-1학기 중간고사', 'midterm'),
  ('a3210300-0000-4000-8000-000000000000', mid_id, m_kor,  m_s3, '2025-1학기 기말고사', 'final'),
  ('a3220300-0000-4000-8000-000000000000', mid_id, m_eng,  m_s3, '2025-1학기 기말고사', 'final'),
  ('a3230300-0000-4000-8000-000000000000', mid_id, m_math, m_s3, '2025-1학기 기말고사', 'final'),
  ('a3240300-0000-4000-8000-000000000000', mid_id, m_sci,  m_s3, '2025-1학기 기말고사', 'final'),
  ('a3250300-0000-4000-8000-000000000000', mid_id, m_soc,  m_s3, '2025-1학기 기말고사', 'final'),
  ('a3310300-0000-4000-8000-000000000000', mid_id, m_kor,  m_s3, '2025-1학기 수행평가', 'assignment'),
  ('a3320300-0000-4000-8000-000000000000', mid_id, m_eng,  m_s3, '2025-1학기 수행평가', 'assignment'),
  ('a3330300-0000-4000-8000-000000000000', mid_id, m_math, m_s3, '2025-1학기 수행평가', 'assignment'),
  ('a3340300-0000-4000-8000-000000000000', mid_id, m_sci,  m_s3, '2025-1학기 수행평가', 'assignment'),
  ('a3350300-0000-4000-8000-000000000000', mid_id, m_soc,  m_s3, '2025-1학기 수행평가', 'assignment'),
  -- ── 2025-2 ──
  ('a3110400-0000-4000-8000-000000000000', mid_id, m_kor,  m_s4, '2025-2학기 중간고사', 'midterm'),
  ('a3120400-0000-4000-8000-000000000000', mid_id, m_eng,  m_s4, '2025-2학기 중간고사', 'midterm'),
  ('a3130400-0000-4000-8000-000000000000', mid_id, m_math, m_s4, '2025-2학기 중간고사', 'midterm'),
  ('a3140400-0000-4000-8000-000000000000', mid_id, m_sci,  m_s4, '2025-2학기 중간고사', 'midterm'),
  ('a3150400-0000-4000-8000-000000000000', mid_id, m_soc,  m_s4, '2025-2학기 중간고사', 'midterm'),
  ('a3210400-0000-4000-8000-000000000000', mid_id, m_kor,  m_s4, '2025-2학기 기말고사', 'final'),
  ('a3220400-0000-4000-8000-000000000000', mid_id, m_eng,  m_s4, '2025-2학기 기말고사', 'final'),
  ('a3230400-0000-4000-8000-000000000000', mid_id, m_math, m_s4, '2025-2학기 기말고사', 'final'),
  ('a3240400-0000-4000-8000-000000000000', mid_id, m_sci,  m_s4, '2025-2학기 기말고사', 'final'),
  ('a3250400-0000-4000-8000-000000000000', mid_id, m_soc,  m_s4, '2025-2학기 기말고사', 'final'),
  ('a3310400-0000-4000-8000-000000000000', mid_id, m_kor,  m_s4, '2025-2학기 수행평가', 'assignment'),
  ('a3320400-0000-4000-8000-000000000000', mid_id, m_eng,  m_s4, '2025-2학기 수행평가', 'assignment'),
  ('a3330400-0000-4000-8000-000000000000', mid_id, m_math, m_s4, '2025-2학기 수행평가', 'assignment'),
  ('a3340400-0000-4000-8000-000000000000', mid_id, m_sci,  m_s4, '2025-2학기 수행평가', 'assignment'),
  ('a3350400-0000-4000-8000-000000000000', mid_id, m_soc,  m_s4, '2025-2학기 수행평가', 'assignment'),
  -- ── 2026-1: 중간고사만 (5월 기준 미시행) ──────────
  ('a3110500-0000-4000-8000-000000000000', mid_id, m_kor,  m_s5, '2026-1학기 중간고사', 'midterm'),
  ('a3120500-0000-4000-8000-000000000000', mid_id, m_eng,  m_s5, '2026-1학기 중간고사', 'midterm'),
  ('a3130500-0000-4000-8000-000000000000', mid_id, m_math, m_s5, '2026-1학기 중간고사', 'midterm'),
  ('a3140500-0000-4000-8000-000000000000', mid_id, m_sci,  m_s5, '2026-1학기 중간고사', 'midterm'),
  ('a3150500-0000-4000-8000-000000000000', mid_id, m_soc,  m_s5, '2026-1학기 중간고사', 'midterm'),
  -- 미술: 수행평가만 (INSUFFICIENT 시나리오 — 성적 1건)
  ('a3360500-0000-4000-8000-000000000000', mid_id, m_art,  m_s5, '2026-1학기 수행평가', 'assignment');

  -- ============================================================
  -- 7. GRADE RECORDS (중학생)
  --    성적 설계 (mid/final/assign per semester):
  --    수학: 55/58/60 → 61/63/66 → 65/68/71 → 72/75/78 → 61(mid)
  --      → 이전학기 avg=75, 2026-1 avg=61, delta=-14 → HIGH
  --    과학: 63/66/68 → 68/70/72 → 71/73/75 → 73/74/73 → 70(mid)
  --      → 이전학기 avg=73.3, 2026-1 avg=70, delta=-3.3 → MEDIUM
  --    국어: 74/76/79 → 77/79/81 → 80/82/84 → 82/84/86 → 85(mid) → LOW
  --    영어: 86/88/89 → 87/89/90 → 88/90/91 → 89/91/92 → 91(mid) → LOW
  --    사회: 84/86/88 → 85/87/89 → 87/89/91 → 88/90/91 → 92(mid) → LOW
  --    미술: 88(수행 2026-1만) → INSUFFICIENT
  -- ============================================================
  INSERT INTO public.grade_records (user_id, subject_id, exam_id, score, max_score)
  VALUES
  -- ── 2024-1 ──
  (mid_id, m_kor,  'a3110100-0000-4000-8000-000000000000', 74, 100),
  (mid_id, m_eng,  'a3120100-0000-4000-8000-000000000000', 86, 100),
  (mid_id, m_math, 'a3130100-0000-4000-8000-000000000000', 55, 100),
  (mid_id, m_sci,  'a3140100-0000-4000-8000-000000000000', 63, 100),
  (mid_id, m_soc,  'a3150100-0000-4000-8000-000000000000', 84, 100),
  (mid_id, m_kor,  'a3210100-0000-4000-8000-000000000000', 76, 100),
  (mid_id, m_eng,  'a3220100-0000-4000-8000-000000000000', 88, 100),
  (mid_id, m_math, 'a3230100-0000-4000-8000-000000000000', 58, 100),
  (mid_id, m_sci,  'a3240100-0000-4000-8000-000000000000', 66, 100),
  (mid_id, m_soc,  'a3250100-0000-4000-8000-000000000000', 86, 100),
  (mid_id, m_kor,  'a3310100-0000-4000-8000-000000000000', 79, 100),
  (mid_id, m_eng,  'a3320100-0000-4000-8000-000000000000', 89, 100),
  (mid_id, m_math, 'a3330100-0000-4000-8000-000000000000', 60, 100),
  (mid_id, m_sci,  'a3340100-0000-4000-8000-000000000000', 68, 100),
  (mid_id, m_soc,  'a3350100-0000-4000-8000-000000000000', 88, 100),
  -- ── 2024-2 ──
  (mid_id, m_kor,  'a3110200-0000-4000-8000-000000000000', 77, 100),
  (mid_id, m_eng,  'a3120200-0000-4000-8000-000000000000', 87, 100),
  (mid_id, m_math, 'a3130200-0000-4000-8000-000000000000', 61, 100),
  (mid_id, m_sci,  'a3140200-0000-4000-8000-000000000000', 68, 100),
  (mid_id, m_soc,  'a3150200-0000-4000-8000-000000000000', 85, 100),
  (mid_id, m_kor,  'a3210200-0000-4000-8000-000000000000', 79, 100),
  (mid_id, m_eng,  'a3220200-0000-4000-8000-000000000000', 89, 100),
  (mid_id, m_math, 'a3230200-0000-4000-8000-000000000000', 63, 100),
  (mid_id, m_sci,  'a3240200-0000-4000-8000-000000000000', 70, 100),
  (mid_id, m_soc,  'a3250200-0000-4000-8000-000000000000', 87, 100),
  (mid_id, m_kor,  'a3310200-0000-4000-8000-000000000000', 81, 100),
  (mid_id, m_eng,  'a3320200-0000-4000-8000-000000000000', 90, 100),
  (mid_id, m_math, 'a3330200-0000-4000-8000-000000000000', 66, 100),
  (mid_id, m_sci,  'a3340200-0000-4000-8000-000000000000', 72, 100),
  (mid_id, m_soc,  'a3350200-0000-4000-8000-000000000000', 89, 100),
  -- ── 2025-1 ──
  (mid_id, m_kor,  'a3110300-0000-4000-8000-000000000000', 80, 100),
  (mid_id, m_eng,  'a3120300-0000-4000-8000-000000000000', 88, 100),
  (mid_id, m_math, 'a3130300-0000-4000-8000-000000000000', 65, 100),
  (mid_id, m_sci,  'a3140300-0000-4000-8000-000000000000', 71, 100),
  (mid_id, m_soc,  'a3150300-0000-4000-8000-000000000000', 87, 100),
  (mid_id, m_kor,  'a3210300-0000-4000-8000-000000000000', 82, 100),
  (mid_id, m_eng,  'a3220300-0000-4000-8000-000000000000', 90, 100),
  (mid_id, m_math, 'a3230300-0000-4000-8000-000000000000', 68, 100),
  (mid_id, m_sci,  'a3240300-0000-4000-8000-000000000000', 73, 100),
  (mid_id, m_soc,  'a3250300-0000-4000-8000-000000000000', 89, 100),
  (mid_id, m_kor,  'a3310300-0000-4000-8000-000000000000', 84, 100),
  (mid_id, m_eng,  'a3320300-0000-4000-8000-000000000000', 91, 100),
  (mid_id, m_math, 'a3330300-0000-4000-8000-000000000000', 71, 100),
  (mid_id, m_sci,  'a3340300-0000-4000-8000-000000000000', 75, 100),
  (mid_id, m_soc,  'a3350300-0000-4000-8000-000000000000', 91, 100),
  -- ── 2025-2 ──
  (mid_id, m_kor,  'a3110400-0000-4000-8000-000000000000', 82, 100),
  (mid_id, m_eng,  'a3120400-0000-4000-8000-000000000000', 89, 100),
  (mid_id, m_math, 'a3130400-0000-4000-8000-000000000000', 72, 100),
  (mid_id, m_sci,  'a3140400-0000-4000-8000-000000000000', 73, 100),
  (mid_id, m_soc,  'a3150400-0000-4000-8000-000000000000', 88, 100),
  (mid_id, m_kor,  'a3210400-0000-4000-8000-000000000000', 84, 100),
  (mid_id, m_eng,  'a3220400-0000-4000-8000-000000000000', 91, 100),
  (mid_id, m_math, 'a3230400-0000-4000-8000-000000000000', 75, 100),
  (mid_id, m_sci,  'a3240400-0000-4000-8000-000000000000', 74, 100),
  (mid_id, m_soc,  'a3250400-0000-4000-8000-000000000000', 90, 100),
  (mid_id, m_kor,  'a3310400-0000-4000-8000-000000000000', 86, 100),
  (mid_id, m_eng,  'a3320400-0000-4000-8000-000000000000', 92, 100),
  (mid_id, m_math, 'a3330400-0000-4000-8000-000000000000', 78, 100),
  (mid_id, m_sci,  'a3340400-0000-4000-8000-000000000000', 73, 100),
  (mid_id, m_soc,  'a3350400-0000-4000-8000-000000000000', 91, 100),
  -- ── 2026-1 중간고사 ──
  (mid_id, m_kor,  'a3110500-0000-4000-8000-000000000000', 85, 100),
  (mid_id, m_eng,  'a3120500-0000-4000-8000-000000000000', 91, 100),
  (mid_id, m_math, 'a3130500-0000-4000-8000-000000000000', 61, 100),
  (mid_id, m_sci,  'a3140500-0000-4000-8000-000000000000', 70, 100),
  (mid_id, m_soc,  'a3150500-0000-4000-8000-000000000000', 92, 100),
  -- 미술 수행평가 (유일한 성적 → INSUFFICIENT)
  (mid_id, m_art,  'a3360500-0000-4000-8000-000000000000', 88, 100);

  -- ============================================================
  -- 8. EXAMS (고등학생)
  --    UUID: b3[type][sub][sem]00-0000-4000-8000-000000000000
  --      type: 1=중간  2=기말  3=수행평가
  --      sub:  1=국어  2=영어  3=수학  4=과학  5=사회  6=한국사
  --      sem:  01=2024-1  02=2024-2  03=2025-1  04=2025-2  05=2026-1
  --    2026-1은 중간고사만
  -- ============================================================
  INSERT INTO public.exams (id, user_id, subject_id, exam_semester, title, exam_type)
  VALUES
  -- ── 2024-1 ──
  ('b3110100-0000-4000-8000-000000000000', high_id, h_kor,  h_s1, '2024-1학기 중간고사', 'midterm'),
  ('b3120100-0000-4000-8000-000000000000', high_id, h_eng,  h_s1, '2024-1학기 중간고사', 'midterm'),
  ('b3130100-0000-4000-8000-000000000000', high_id, h_math, h_s1, '2024-1학기 중간고사', 'midterm'),
  ('b3140100-0000-4000-8000-000000000000', high_id, h_sci,  h_s1, '2024-1학기 중간고사', 'midterm'),
  ('b3150100-0000-4000-8000-000000000000', high_id, h_soc,  h_s1, '2024-1학기 중간고사', 'midterm'),
  ('b3160100-0000-4000-8000-000000000000', high_id, h_hist, h_s1, '2024-1학기 중간고사', 'midterm'),
  ('b3210100-0000-4000-8000-000000000000', high_id, h_kor,  h_s1, '2024-1학기 기말고사', 'final'),
  ('b3220100-0000-4000-8000-000000000000', high_id, h_eng,  h_s1, '2024-1학기 기말고사', 'final'),
  ('b3230100-0000-4000-8000-000000000000', high_id, h_math, h_s1, '2024-1학기 기말고사', 'final'),
  ('b3240100-0000-4000-8000-000000000000', high_id, h_sci,  h_s1, '2024-1학기 기말고사', 'final'),
  ('b3250100-0000-4000-8000-000000000000', high_id, h_soc,  h_s1, '2024-1학기 기말고사', 'final'),
  ('b3260100-0000-4000-8000-000000000000', high_id, h_hist, h_s1, '2024-1학기 기말고사', 'final'),
  ('b3310100-0000-4000-8000-000000000000', high_id, h_kor,  h_s1, '2024-1학기 수행평가', 'assignment'),
  ('b3320100-0000-4000-8000-000000000000', high_id, h_eng,  h_s1, '2024-1학기 수행평가', 'assignment'),
  ('b3330100-0000-4000-8000-000000000000', high_id, h_math, h_s1, '2024-1학기 수행평가', 'assignment'),
  ('b3340100-0000-4000-8000-000000000000', high_id, h_sci,  h_s1, '2024-1학기 수행평가', 'assignment'),
  ('b3350100-0000-4000-8000-000000000000', high_id, h_soc,  h_s1, '2024-1학기 수행평가', 'assignment'),
  ('b3360100-0000-4000-8000-000000000000', high_id, h_hist, h_s1, '2024-1학기 수행평가', 'assignment'),
  -- ── 2024-2 ──
  ('b3110200-0000-4000-8000-000000000000', high_id, h_kor,  h_s2, '2024-2학기 중간고사', 'midterm'),
  ('b3120200-0000-4000-8000-000000000000', high_id, h_eng,  h_s2, '2024-2학기 중간고사', 'midterm'),
  ('b3130200-0000-4000-8000-000000000000', high_id, h_math, h_s2, '2024-2학기 중간고사', 'midterm'),
  ('b3140200-0000-4000-8000-000000000000', high_id, h_sci,  h_s2, '2024-2학기 중간고사', 'midterm'),
  ('b3150200-0000-4000-8000-000000000000', high_id, h_soc,  h_s2, '2024-2학기 중간고사', 'midterm'),
  ('b3160200-0000-4000-8000-000000000000', high_id, h_hist, h_s2, '2024-2학기 중간고사', 'midterm'),
  ('b3210200-0000-4000-8000-000000000000', high_id, h_kor,  h_s2, '2024-2학기 기말고사', 'final'),
  ('b3220200-0000-4000-8000-000000000000', high_id, h_eng,  h_s2, '2024-2학기 기말고사', 'final'),
  ('b3230200-0000-4000-8000-000000000000', high_id, h_math, h_s2, '2024-2학기 기말고사', 'final'),
  ('b3240200-0000-4000-8000-000000000000', high_id, h_sci,  h_s2, '2024-2학기 기말고사', 'final'),
  ('b3250200-0000-4000-8000-000000000000', high_id, h_soc,  h_s2, '2024-2학기 기말고사', 'final'),
  ('b3260200-0000-4000-8000-000000000000', high_id, h_hist, h_s2, '2024-2학기 기말고사', 'final'),
  ('b3310200-0000-4000-8000-000000000000', high_id, h_kor,  h_s2, '2024-2학기 수행평가', 'assignment'),
  ('b3320200-0000-4000-8000-000000000000', high_id, h_eng,  h_s2, '2024-2학기 수행평가', 'assignment'),
  ('b3330200-0000-4000-8000-000000000000', high_id, h_math, h_s2, '2024-2학기 수행평가', 'assignment'),
  ('b3340200-0000-4000-8000-000000000000', high_id, h_sci,  h_s2, '2024-2학기 수행평가', 'assignment'),
  ('b3350200-0000-4000-8000-000000000000', high_id, h_soc,  h_s2, '2024-2학기 수행평가', 'assignment'),
  ('b3360200-0000-4000-8000-000000000000', high_id, h_hist, h_s2, '2024-2학기 수행평가', 'assignment'),
  -- ── 2025-1 ──
  ('b3110300-0000-4000-8000-000000000000', high_id, h_kor,  h_s3, '2025-1학기 중간고사', 'midterm'),
  ('b3120300-0000-4000-8000-000000000000', high_id, h_eng,  h_s3, '2025-1학기 중간고사', 'midterm'),
  ('b3130300-0000-4000-8000-000000000000', high_id, h_math, h_s3, '2025-1학기 중간고사', 'midterm'),
  ('b3140300-0000-4000-8000-000000000000', high_id, h_sci,  h_s3, '2025-1학기 중간고사', 'midterm'),
  ('b3150300-0000-4000-8000-000000000000', high_id, h_soc,  h_s3, '2025-1학기 중간고사', 'midterm'),
  ('b3160300-0000-4000-8000-000000000000', high_id, h_hist, h_s3, '2025-1학기 중간고사', 'midterm'),
  ('b3210300-0000-4000-8000-000000000000', high_id, h_kor,  h_s3, '2025-1학기 기말고사', 'final'),
  ('b3220300-0000-4000-8000-000000000000', high_id, h_eng,  h_s3, '2025-1학기 기말고사', 'final'),
  ('b3230300-0000-4000-8000-000000000000', high_id, h_math, h_s3, '2025-1학기 기말고사', 'final'),
  ('b3240300-0000-4000-8000-000000000000', high_id, h_sci,  h_s3, '2025-1학기 기말고사', 'final'),
  ('b3250300-0000-4000-8000-000000000000', high_id, h_soc,  h_s3, '2025-1학기 기말고사', 'final'),
  ('b3260300-0000-4000-8000-000000000000', high_id, h_hist, h_s3, '2025-1학기 기말고사', 'final'),
  ('b3310300-0000-4000-8000-000000000000', high_id, h_kor,  h_s3, '2025-1학기 수행평가', 'assignment'),
  ('b3320300-0000-4000-8000-000000000000', high_id, h_eng,  h_s3, '2025-1학기 수행평가', 'assignment'),
  ('b3330300-0000-4000-8000-000000000000', high_id, h_math, h_s3, '2025-1학기 수행평가', 'assignment'),
  ('b3340300-0000-4000-8000-000000000000', high_id, h_sci,  h_s3, '2025-1학기 수행평가', 'assignment'),
  ('b3350300-0000-4000-8000-000000000000', high_id, h_soc,  h_s3, '2025-1학기 수행평가', 'assignment'),
  ('b3360300-0000-4000-8000-000000000000', high_id, h_hist, h_s3, '2025-1학기 수행평가', 'assignment'),
  -- ── 2025-2 ──
  ('b3110400-0000-4000-8000-000000000000', high_id, h_kor,  h_s4, '2025-2학기 중간고사', 'midterm'),
  ('b3120400-0000-4000-8000-000000000000', high_id, h_eng,  h_s4, '2025-2학기 중간고사', 'midterm'),
  ('b3130400-0000-4000-8000-000000000000', high_id, h_math, h_s4, '2025-2학기 중간고사', 'midterm'),
  ('b3140400-0000-4000-8000-000000000000', high_id, h_sci,  h_s4, '2025-2학기 중간고사', 'midterm'),
  ('b3150400-0000-4000-8000-000000000000', high_id, h_soc,  h_s4, '2025-2학기 중간고사', 'midterm'),
  ('b3160400-0000-4000-8000-000000000000', high_id, h_hist, h_s4, '2025-2학기 중간고사', 'midterm'),
  ('b3210400-0000-4000-8000-000000000000', high_id, h_kor,  h_s4, '2025-2학기 기말고사', 'final'),
  ('b3220400-0000-4000-8000-000000000000', high_id, h_eng,  h_s4, '2025-2학기 기말고사', 'final'),
  ('b3230400-0000-4000-8000-000000000000', high_id, h_math, h_s4, '2025-2학기 기말고사', 'final'),
  ('b3240400-0000-4000-8000-000000000000', high_id, h_sci,  h_s4, '2025-2학기 기말고사', 'final'),
  ('b3250400-0000-4000-8000-000000000000', high_id, h_soc,  h_s4, '2025-2학기 기말고사', 'final'),
  ('b3260400-0000-4000-8000-000000000000', high_id, h_hist, h_s4, '2025-2학기 기말고사', 'final'),
  ('b3310400-0000-4000-8000-000000000000', high_id, h_kor,  h_s4, '2025-2학기 수행평가', 'assignment'),
  ('b3320400-0000-4000-8000-000000000000', high_id, h_eng,  h_s4, '2025-2학기 수행평가', 'assignment'),
  ('b3330400-0000-4000-8000-000000000000', high_id, h_math, h_s4, '2025-2학기 수행평가', 'assignment'),
  ('b3340400-0000-4000-8000-000000000000', high_id, h_sci,  h_s4, '2025-2학기 수행평가', 'assignment'),
  ('b3350400-0000-4000-8000-000000000000', high_id, h_soc,  h_s4, '2025-2학기 수행평가', 'assignment'),
  ('b3360400-0000-4000-8000-000000000000', high_id, h_hist, h_s4, '2025-2학기 수행평가', 'assignment'),
  -- ── 2026-1: 중간고사만 ──
  ('b3110500-0000-4000-8000-000000000000', high_id, h_kor,  h_s5, '2026-1학기 중간고사', 'midterm'),
  ('b3120500-0000-4000-8000-000000000000', high_id, h_eng,  h_s5, '2026-1학기 중간고사', 'midterm'),
  ('b3130500-0000-4000-8000-000000000000', high_id, h_math, h_s5, '2026-1학기 중간고사', 'midterm'),
  ('b3140500-0000-4000-8000-000000000000', high_id, h_sci,  h_s5, '2026-1학기 중간고사', 'midterm'),
  ('b3150500-0000-4000-8000-000000000000', high_id, h_soc,  h_s5, '2026-1학기 중간고사', 'midterm'),
  ('b3160500-0000-4000-8000-000000000000', high_id, h_hist, h_s5, '2026-1학기 중간고사', 'midterm'),
  -- ── 언어와 매체 (국어, h_s3~) ──
  ('b3170300-0000-4000-8000-000000000000', high_id, h_kor2, h_s3, '2025-1학기 중간고사', 'midterm'),
  ('b3270300-0000-4000-8000-000000000000', high_id, h_kor2, h_s3, '2025-1학기 기말고사', 'final'),
  ('b3170400-0000-4000-8000-000000000000', high_id, h_kor2, h_s4, '2025-2학기 중간고사', 'midterm'),
  ('b3270400-0000-4000-8000-000000000000', high_id, h_kor2, h_s4, '2025-2학기 기말고사', 'final'),
  ('b3170500-0000-4000-8000-000000000000', high_id, h_kor2, h_s5, '2026-1학기 중간고사', 'midterm'),
  -- ── 수학Ⅰ (수학, h_s3~) ──
  ('b3180300-0000-4000-8000-000000000000', high_id, h_mat1, h_s3, '2025-1학기 중간고사', 'midterm'),
  ('b3280300-0000-4000-8000-000000000000', high_id, h_mat1, h_s3, '2025-1학기 기말고사', 'final'),
  ('b3180400-0000-4000-8000-000000000000', high_id, h_mat1, h_s4, '2025-2학기 중간고사', 'midterm'),
  ('b3280400-0000-4000-8000-000000000000', high_id, h_mat1, h_s4, '2025-2학기 기말고사', 'final'),
  ('b3180500-0000-4000-8000-000000000000', high_id, h_mat1, h_s5, '2026-1학기 중간고사', 'midterm'),
  -- ── 미적분 (수학, h_s4~) ──
  ('b3190400-0000-4000-8000-000000000000', high_id, h_calc, h_s4, '2025-2학기 중간고사', 'midterm'),
  ('b3290400-0000-4000-8000-000000000000', high_id, h_calc, h_s4, '2025-2학기 기말고사', 'final'),
  ('b3190500-0000-4000-8000-000000000000', high_id, h_calc, h_s5, '2026-1학기 중간고사', 'midterm'),
  -- ── 화학Ⅰ (과학, h_s3~) ──
  ('b31a0300-0000-4000-8000-000000000000', high_id, h_chem, h_s3, '2025-1학기 중간고사', 'midterm'),
  ('b32a0300-0000-4000-8000-000000000000', high_id, h_chem, h_s3, '2025-1학기 기말고사', 'final'),
  ('b31a0400-0000-4000-8000-000000000000', high_id, h_chem, h_s4, '2025-2학기 중간고사', 'midterm'),
  ('b32a0400-0000-4000-8000-000000000000', high_id, h_chem, h_s4, '2025-2학기 기말고사', 'final'),
  ('b31a0500-0000-4000-8000-000000000000', high_id, h_chem, h_s5, '2026-1학기 중간고사', 'midterm');

  -- ============================================================
  -- 9. GRADE RECORDS (고등학생)
  --    성적 설계 (mid/final/assign per semester):
  --    과학: 54/57/59 → 59/62/64 → 63/66/68 → 68/71/74 → 58(mid)
  --      → 이전학기 avg=71, 2026-1=58, delta=-13 → HIGH
  --    국어: 76/79/81 → 79/82/83 → 82/84/86 → 85/87/86 → 80(mid)
  --      → 이전학기 avg=86, 2026-1=80, delta=-6 → MEDIUM
  --    수학: 68/70/72 → 65/68/70 → 63/66/68 → 70/73/74 → 76(mid) → LOW
  --    영어: 84/87/88 → 87/89/91 → 88/91/92 → 90/92/93 → 93(mid) → LOW
  --    사회: 87/89/90 → 88/90/91 → 89/91/92 → 90/92/93 → 94(mid) → LOW
  --    한국사: 70/72/74 → 73/75/77 → 76/78/80 → 78/80/83 → 90(mid)
  --      → delta=+9.7, avgDiff=4.5>3 → LOW + 상승 추세
  -- ============================================================
  INSERT INTO public.grade_records (user_id, subject_id, exam_id, score, max_score)
  VALUES
  -- ── 2024-1 ──
  (high_id, h_kor,  'b3110100-0000-4000-8000-000000000000', 76, 100),
  (high_id, h_eng,  'b3120100-0000-4000-8000-000000000000', 84, 100),
  (high_id, h_math, 'b3130100-0000-4000-8000-000000000000', 68, 100),
  (high_id, h_sci,  'b3140100-0000-4000-8000-000000000000', 54, 100),
  (high_id, h_soc,  'b3150100-0000-4000-8000-000000000000', 87, 100),
  (high_id, h_hist, 'b3160100-0000-4000-8000-000000000000', 70, 100),
  (high_id, h_kor,  'b3210100-0000-4000-8000-000000000000', 79, 100),
  (high_id, h_eng,  'b3220100-0000-4000-8000-000000000000', 87, 100),
  (high_id, h_math, 'b3230100-0000-4000-8000-000000000000', 70, 100),
  (high_id, h_sci,  'b3240100-0000-4000-8000-000000000000', 57, 100),
  (high_id, h_soc,  'b3250100-0000-4000-8000-000000000000', 89, 100),
  (high_id, h_hist, 'b3260100-0000-4000-8000-000000000000', 72, 100),
  (high_id, h_kor,  'b3310100-0000-4000-8000-000000000000', 81, 100),
  (high_id, h_eng,  'b3320100-0000-4000-8000-000000000000', 88, 100),
  (high_id, h_math, 'b3330100-0000-4000-8000-000000000000', 72, 100),
  (high_id, h_sci,  'b3340100-0000-4000-8000-000000000000', 59, 100),
  (high_id, h_soc,  'b3350100-0000-4000-8000-000000000000', 90, 100),
  (high_id, h_hist, 'b3360100-0000-4000-8000-000000000000', 74, 100),
  -- ── 2024-2 ──
  (high_id, h_kor,  'b3110200-0000-4000-8000-000000000000', 79, 100),
  (high_id, h_eng,  'b3120200-0000-4000-8000-000000000000', 87, 100),
  (high_id, h_math, 'b3130200-0000-4000-8000-000000000000', 65, 100),
  (high_id, h_sci,  'b3140200-0000-4000-8000-000000000000', 59, 100),
  (high_id, h_soc,  'b3150200-0000-4000-8000-000000000000', 88, 100),
  (high_id, h_hist, 'b3160200-0000-4000-8000-000000000000', 73, 100),
  (high_id, h_kor,  'b3210200-0000-4000-8000-000000000000', 82, 100),
  (high_id, h_eng,  'b3220200-0000-4000-8000-000000000000', 89, 100),
  (high_id, h_math, 'b3230200-0000-4000-8000-000000000000', 68, 100),
  (high_id, h_sci,  'b3240200-0000-4000-8000-000000000000', 62, 100),
  (high_id, h_soc,  'b3250200-0000-4000-8000-000000000000', 90, 100),
  (high_id, h_hist, 'b3260200-0000-4000-8000-000000000000', 75, 100),
  (high_id, h_kor,  'b3310200-0000-4000-8000-000000000000', 83, 100),
  (high_id, h_eng,  'b3320200-0000-4000-8000-000000000000', 91, 100),
  (high_id, h_math, 'b3330200-0000-4000-8000-000000000000', 70, 100),
  (high_id, h_sci,  'b3340200-0000-4000-8000-000000000000', 64, 100),
  (high_id, h_soc,  'b3350200-0000-4000-8000-000000000000', 91, 100),
  (high_id, h_hist, 'b3360200-0000-4000-8000-000000000000', 77, 100),
  -- ── 2025-1 ──
  (high_id, h_kor,  'b3110300-0000-4000-8000-000000000000', 82, 100),
  (high_id, h_eng,  'b3120300-0000-4000-8000-000000000000', 88, 100),
  (high_id, h_math, 'b3130300-0000-4000-8000-000000000000', 63, 100),
  (high_id, h_sci,  'b3140300-0000-4000-8000-000000000000', 63, 100),
  (high_id, h_soc,  'b3150300-0000-4000-8000-000000000000', 89, 100),
  (high_id, h_hist, 'b3160300-0000-4000-8000-000000000000', 76, 100),
  (high_id, h_kor,  'b3210300-0000-4000-8000-000000000000', 84, 100),
  (high_id, h_eng,  'b3220300-0000-4000-8000-000000000000', 91, 100),
  (high_id, h_math, 'b3230300-0000-4000-8000-000000000000', 66, 100),
  (high_id, h_sci,  'b3240300-0000-4000-8000-000000000000', 66, 100),
  (high_id, h_soc,  'b3250300-0000-4000-8000-000000000000', 91, 100),
  (high_id, h_hist, 'b3260300-0000-4000-8000-000000000000', 78, 100),
  (high_id, h_kor,  'b3310300-0000-4000-8000-000000000000', 86, 100),
  (high_id, h_eng,  'b3320300-0000-4000-8000-000000000000', 92, 100),
  (high_id, h_math, 'b3330300-0000-4000-8000-000000000000', 68, 100),
  (high_id, h_sci,  'b3340300-0000-4000-8000-000000000000', 68, 100),
  (high_id, h_soc,  'b3350300-0000-4000-8000-000000000000', 92, 100),
  (high_id, h_hist, 'b3360300-0000-4000-8000-000000000000', 80, 100),
  -- ── 2025-2 ──
  (high_id, h_kor,  'b3110400-0000-4000-8000-000000000000', 85, 100),
  (high_id, h_eng,  'b3120400-0000-4000-8000-000000000000', 90, 100),
  (high_id, h_math, 'b3130400-0000-4000-8000-000000000000', 70, 100),
  (high_id, h_sci,  'b3140400-0000-4000-8000-000000000000', 68, 100),
  (high_id, h_soc,  'b3150400-0000-4000-8000-000000000000', 90, 100),
  (high_id, h_hist, 'b3160400-0000-4000-8000-000000000000', 78, 100),
  (high_id, h_kor,  'b3210400-0000-4000-8000-000000000000', 87, 100),
  (high_id, h_eng,  'b3220400-0000-4000-8000-000000000000', 92, 100),
  (high_id, h_math, 'b3230400-0000-4000-8000-000000000000', 73, 100),
  (high_id, h_sci,  'b3240400-0000-4000-8000-000000000000', 71, 100),
  (high_id, h_soc,  'b3250400-0000-4000-8000-000000000000', 92, 100),
  (high_id, h_hist, 'b3260400-0000-4000-8000-000000000000', 80, 100),
  (high_id, h_kor,  'b3310400-0000-4000-8000-000000000000', 86, 100),
  (high_id, h_eng,  'b3320400-0000-4000-8000-000000000000', 93, 100),
  (high_id, h_math, 'b3330400-0000-4000-8000-000000000000', 74, 100),
  (high_id, h_sci,  'b3340400-0000-4000-8000-000000000000', 74, 100),
  (high_id, h_soc,  'b3350400-0000-4000-8000-000000000000', 93, 100),
  (high_id, h_hist, 'b3360400-0000-4000-8000-000000000000', 83, 100),
  -- ── 2026-1 중간고사 ──
  (high_id, h_kor,  'b3110500-0000-4000-8000-000000000000', 80, 100),
  (high_id, h_eng,  'b3120500-0000-4000-8000-000000000000', 93, 100),
  (high_id, h_math, 'b3130500-0000-4000-8000-000000000000', 76, 100),
  (high_id, h_sci,  'b3140500-0000-4000-8000-000000000000', 58, 100),
  (high_id, h_soc,  'b3150500-0000-4000-8000-000000000000', 94, 100),
  (high_id, h_hist, 'b3160500-0000-4000-8000-000000000000', 90, 100),
  -- ── 언어와 매체 (국어) ──
  -- 2025-1
  (high_id, h_kor2, 'b3170300-0000-4000-8000-000000000000', 78, 100),
  (high_id, h_kor2, 'b3270300-0000-4000-8000-000000000000', 82, 100),
  -- 2025-2
  (high_id, h_kor2, 'b3170400-0000-4000-8000-000000000000', 80, 100),
  (high_id, h_kor2, 'b3270400-0000-4000-8000-000000000000', 85, 100),
  -- 2026-1 중간
  (high_id, h_kor2, 'b3170500-0000-4000-8000-000000000000', 83, 100),
  -- ── 수학Ⅰ (수학) ──
  -- 2025-1
  (high_id, h_mat1, 'b3180300-0000-4000-8000-000000000000', 70, 100),
  (high_id, h_mat1, 'b3280300-0000-4000-8000-000000000000', 73, 100),
  -- 2025-2
  (high_id, h_mat1, 'b3180400-0000-4000-8000-000000000000', 72, 100),
  (high_id, h_mat1, 'b3280400-0000-4000-8000-000000000000', 76, 100),
  -- 2026-1 중간
  (high_id, h_mat1, 'b3180500-0000-4000-8000-000000000000', 74, 100),
  -- ── 미적분 (수학) ──
  -- 2025-2
  (high_id, h_calc, 'b3190400-0000-4000-8000-000000000000', 62, 100),
  (high_id, h_calc, 'b3290400-0000-4000-8000-000000000000', 65, 100),
  -- 2026-1 중간 (소폭 하락 → MEDIUM risk)
  (high_id, h_calc, 'b3190500-0000-4000-8000-000000000000', 60, 100),
  -- ── 화학Ⅰ (과학) ──
  -- 2025-1
  (high_id, h_chem, 'b31a0300-0000-4000-8000-000000000000', 68, 100),
  (high_id, h_chem, 'b32a0300-0000-4000-8000-000000000000', 72, 100),
  -- 2025-2
  (high_id, h_chem, 'b31a0400-0000-4000-8000-000000000000', 71, 100),
  (high_id, h_chem, 'b32a0400-0000-4000-8000-000000000000', 74, 100),
  -- 2026-1 중간 (소폭 하락 → MEDIUM risk)
  (high_id, h_chem, 'b31a0500-0000-4000-8000-000000000000', 69, 100);

  -- ============================================================
  -- 10. SCHEDULES
  --     subject_id 연결: 전략 탭의 시험·과제 신호 카드에 과목 정보 표시
  -- ============================================================
  INSERT INTO public.schedules
    (user_id, subject_id, semester_id, title, event_type, start_date, end_date, description)
  VALUES
  -- 중학생 일정
  (mid_id, m_math, m_s5, '수학 중간고사',          'exam',           '2026-05-20', '2026-05-22', '일차함수·통계 단원 포함'),
  (mid_id, m_sci,  m_s5, '과학 중간고사',          'exam',           '2026-05-20', '2026-05-22', '전기·자기 단원 포함'),
  (mid_id, m_kor,  m_s5, '국어 수행평가',          'assignment',     '2026-05-16', null,         '시 감상문 제출'),
  (mid_id, m_eng,  m_s5, '영어 말하기 수행평가',   'assignment',     '2026-05-15', null,         '스피킹 발표 2분 준비'),
  (mid_id, m_math, m_s5, '수학 과제 마감',         'assignment',     '2026-05-18', null,         '연습문제 p.88-92'),
  (mid_id, m_art,  m_s5, '미술 수행평가 작품 제출', 'assignment',    '2026-05-28', null,         '주제: 감정 표현 작품'),
  (mid_id, null,   m_s5, '2026-1학기 기말고사 예정','exam',          '2026-06-17', '2026-06-19', null),
  (mid_id, null,   m_s5, '수학 학원 중간고사 대비', 'school_academy','2026-05-16', '2026-05-19', '오후 6시'),
  -- 고등학생 일정
  (high_id, h_sci,  h_s5, '과학 중간고사',          'exam',          '2026-05-21', '2026-05-23', '역학·전자기 단원 포함'),
  (high_id, h_kor,  h_s5, '국어 중간고사',          'exam',          '2026-05-21', '2026-05-23', '문학·비문학 전범위'),
  (high_id, h_math, h_s5, '수학 중간고사',          'exam',          '2026-05-21', '2026-05-23', '수열·극한 단원 포함'),
  (high_id, h_kor,  h_s5, '국어 수행평가',          'assignment',    '2026-05-16', null,         '문학 감상문 제출'),
  (high_id, h_math, h_s5, '수학 과제 제출',         'assignment',    '2026-05-25', null,         '수열·극한 단원 과제'),
  (high_id, null,   h_s5, '6월 모의고사',           'mock_exam',     '2026-06-04', null,         '2026년도 6월 수능 모의고사'),
  (high_id, null,   h_s5, '2026-1학기 기말고사 예정','exam',         '2026-06-18', '2026-06-20', null),
  (high_id, h_eng,  h_s5, '수능 영어 독해 스터디',  'study',         '2026-05-17', null,         '매주 토요일 오전 10시');

  -- ============================================================
  -- 11. STUDY LOGS
  --     오늘 = 2026-05-14 기준 최근 공부 기록
  --     중학생 사회: 마지막 기록 05-04 → 7일 초과 결핍 신호
  --     고등학생 영어: 마지막 기록 05-04 → 7일 초과 결핍 신호
  --     고등학생 과학: 집중도=2 → 평균 2.0 < 2.5 → 낮은 집중도 신호
  -- ============================================================
  INSERT INTO public.study_logs
    (user_id, subject_id, semester_id, study_date, duration_minutes, content, difficulty, concentration_level)
  VALUES
  -- 중학생 수학 (최근 집중 공부 중)
  (mid_id, m_math, m_s5, '2026-05-13', 90,  '일차함수 오답 정리 및 재풀이',    'hard',   4),
  (mid_id, m_math, m_s5, '2026-05-11', 80,  '함수 그래프 문제 유형 분류',       'hard',   4),
  (mid_id, m_math, m_s5, '2026-05-09', 75,  '단원 기출 문제 10개 풀이',         'hard',   3),
  (mid_id, m_math, m_s5, '2026-05-07', 70,  '수학 개념 핵심 요약 노트',         'normal', 4),
  (mid_id, m_math, m_s5, '2026-05-05', 60,  '문제집 1단원 복습',                'normal', 4),
  -- 중학생 국어
  (mid_id, m_kor,  m_s5, '2026-05-12', 50,  '문학 작품 핵심 정리',              'normal', 4),
  (mid_id, m_kor,  m_s5, '2026-05-10', 45,  '시 감상문 초안 작성',              'normal', 5),
  (mid_id, m_kor,  m_s5, '2026-05-08', 40,  '비문학 지문 2개 분석',             'normal', 4),
  -- 중학생 영어
  (mid_id, m_eng,  m_s5, '2026-05-13', 60,  '수행평가 스피킹 원고 준비',        'normal', 5),
  (mid_id, m_eng,  m_s5, '2026-05-11', 55,  '본문 암기 및 단어 복습',           'normal', 5),
  (mid_id, m_eng,  m_s5, '2026-05-09', 50,  '교과서 본문 해석 정리',            'easy',   4),
  -- 중학생 과학
  (mid_id, m_sci,  m_s5, '2026-05-12', 70,  '전기회로 기본 개념 정리',          'hard',   3),
  (mid_id, m_sci,  m_s5, '2026-05-10', 65,  '전류·전압·저항 문제 풀이',         'hard',   3),
  (mid_id, m_sci,  m_s5, '2026-05-08', 60,  '과학 단원 개념 요약',              'normal', 4),
  -- 중학생 사회 (마지막 기록 05-04 → 결핍 신호)
  (mid_id, m_soc,  m_s5, '2026-05-04', 40,  '지역사회 수행평가 자료 조사',      'easy',   4),
  (mid_id, m_soc,  m_s5, '2026-05-01', 35,  '사회 개념 정리',                   'easy',   4),
  -- 고등학생 수학 (시험 대비 집중)
  (high_id, h_math, h_s5, '2026-05-13', 110, '수열 기출 문제 집중 풀이',         'hard',   4),
  (high_id, h_math, h_s5, '2026-05-11', 100, '수열 오답노트 재정리',             'hard',   5),
  (high_id, h_math, h_s5, '2026-05-09', 90,  '극한 단원 개념 확인',             'hard',   4),
  (high_id, h_math, h_s5, '2026-05-07', 85,  '수학 기출 20문제 풀이',           'hard',   4),
  -- 고등학생 국어
  (high_id, h_kor,  h_s5, '2026-05-12', 80,  '비문학 지문 3개 시간 재기',       'normal', 4),
  (high_id, h_kor,  h_s5, '2026-05-10', 75,  '문학 작품별 선지 오답 분석',      'normal', 4),
  (high_id, h_kor,  h_s5, '2026-05-08', 70,  '문학 암기 및 감상문 작성',        'normal', 4),
  -- 고등학생 영어 (마지막 기록 05-04 → 결핍 신호)
  (high_id, h_eng,  h_s5, '2026-05-04', 70,  '수능 영어 독해 지문 5개 분석',    'normal', 5),
  (high_id, h_eng,  h_s5, '2026-05-01', 65,  '어법·어휘 문제 복습',             'normal', 5),
  -- 고등학생 과학 (집중도 낮음 → concentrationPenalty 발생)
  (high_id, h_sci,  h_s5, '2026-05-13', 90,  '역학 단원 개념 재정리',           'hard',   2),
  (high_id, h_sci,  h_s5, '2026-05-11', 85,  '역학 기출 10문제 풀이',           'hard',   2),
  (high_id, h_sci,  h_s5, '2026-05-09', 80,  '에너지 보존 공식 암기 시도',      'hard',   2),
  -- 고등학생 사회
  (high_id, h_soc,  h_s5, '2026-05-12', 50,  '사회 핵심 개념 정리',             'normal', 5),
  (high_id, h_soc,  h_s5, '2026-05-10', 45,  '단원 문제 풀이',                  'easy',   5),
  -- 고등학생 한국사
  (high_id, h_hist, h_s5, '2026-05-13', 60,  '현대사 연표 암기',                'easy',   4),
  (high_id, h_hist, h_s5, '2026-05-10', 55,  '한국사 기출 선지 분석',           'normal', 5);

  -- ============================================================
  -- 12. STUDY TASKS
  --     진행 중 + 완료된 할 일 (완료 목록 UI 테스트용)
  -- ============================================================
  INSERT INTO public.study_tasks
    (user_id, subject_id, semester_id, title, task_type, due_date, priority,
     is_completed, completed_at, memo)
  VALUES
  -- 중학생 진행 중
  (mid_id, m_math, m_s5, '수학 오답노트 2회독',       'review',          '2026-05-16', 'high',
   false, null, '중간고사 전까지 완료'),
  (mid_id, m_eng,  m_s5, '영어 단어 80개 암기',       'memorization',    '2026-05-15', 'medium',
   false, null, '수행평가 포함 단어'),
  (mid_id, m_sci,  m_s5, '전기회로 단원 문제 20개',   'problem_solving', '2026-05-17', 'medium',
   false, null, null),
  (mid_id, m_math, m_s5, '함수 심화 기출 풀기',       'problem_solving', '2026-05-19', 'high',
   false, null, '시험 전날까지'),
  -- 중학생 완료됨
  (mid_id, m_kor,  m_s5, '국어 문학 핵심 정리',       'review',          '2026-05-10', 'medium',
   true, '2026-05-10 20:30:00+09', null),
  (mid_id, m_eng,  m_s5, '영어 단어 50개 1차 암기',   'memorization',    '2026-05-11', 'medium',
   true, '2026-05-11 21:00:00+09', null),
  (mid_id, m_soc,  m_s5, '사회 수행평가 자료 수집',   'other',           '2026-05-08', 'low',
   true, '2026-05-08 18:00:00+09', '보고서 초안 작성 전 단계'),
  -- 고등학생 진행 중
  (high_id, h_math, h_s5, '수열 기출 20문제 풀이',    'problem_solving', '2026-05-16', 'high',
   false, null, '틀린 문제 오답 표시'),
  (high_id, h_sci,  h_s5, '역학 단원 핵심 공식 암기', 'memorization',    '2026-05-15', 'high',
   false, null, '에너지 보존·운동량 포함'),
  (high_id, h_kor,  h_s5, '비문학 지문 5개 시간 재기','review',          '2026-05-17', 'medium',
   false, null, '15분 이내 완독 목표'),
  (high_id, h_eng,  h_s5, '영어 독해 지문 5개 분석',  'review',          '2026-05-17', 'medium',
   false, null, null),
  -- 고등학생 완료됨
  (high_id, h_hist, h_s5, '한국사 현대사 연표 암기',  'memorization',    '2026-05-10', 'medium',
   true, '2026-05-10 22:00:00+09', null),
  (high_id, h_math, h_s5, '수학 오답노트 1회독',      'review',          '2026-05-12', 'high',
   true, '2026-05-12 23:00:00+09', '수열 파트 집중'),
  (high_id, h_eng,  h_s5, '영어 독해 지문 3개 분석',  'review',          '2026-05-11', 'medium',
   true, '2026-05-11 20:30:00+09', null);

  -- ============================================================
  -- 13. SUBJECT GOALS
  -- ============================================================
  INSERT INTO public.subject_goals (user_id, subject_id, target_score, target_date, memo)
  VALUES
  -- 중학생 목표
  (mid_id, m_kor,  90, '2026-06-17', '기말 전까지 현재 추세 유지'),
  (mid_id, m_eng,  93, '2026-06-17', '수행평가 만점 목표'),
  (mid_id, m_math, 80, '2026-06-17', '함수 단원 완전 보강 후 도달'),
  (mid_id, m_sci,  78, '2026-06-17', '전기 단원 오답률 줄이기'),
  (mid_id, m_soc,  93, '2026-06-17', '현재 강점 유지'),
  (mid_id, m_art,  90, '2026-06-17', '수행평가 완성도 높이기'),
  -- 고등학생 목표
  (high_id, h_kor,  88, '2026-06-18', '비문학 독해 속도 개선'),
  (high_id, h_eng,  95, '2026-06-18', '독해 실수 줄이기'),
  (high_id, h_math, 82, '2026-06-18', '수열·극한 단원 집중 보강'),
  (high_id, h_sci,  72, '2026-06-18', '역학 개념 완전 이해 후 도달'),
  (high_id, h_soc,  95, '2026-06-18', '현재 강점 유지'),
  (high_id, h_hist, 93, '2026-06-18', '상승 추세 이어가기');

  -- ============================================================
  -- 14. MOCK EXAM RECORDS (고등학생 전용 — 수능 모의고사)
  -- ============================================================
  INSERT INTO public.mock_exam_records
    (user_id, exam_year, exam_month, subject, raw_score, percentile, grade, target_score)
  VALUES
  -- 2024년 3월 학평
  (high_id, 2024, 3, '국어',   76, 55.2, 4, 90),
  (high_id, 2024, 3, '수학',   64, 41.3, 5, 80),
  (high_id, 2024, 3, '영어',   null, null, 3, null),
  (high_id, 2024, 3, '한국사', null, null, 1, null),
  (high_id, 2024, 3, '탐구1',  38, 55.0, 4, 50),
  -- 2024년 6월 모의고사
  (high_id, 2024, 6, '국어',   80, 62.0, 3, 90),
  (high_id, 2024, 6, '수학',   68, 48.1, 5, 80),
  (high_id, 2024, 6, '영어',   null, null, 3, null),
  (high_id, 2024, 6, '한국사', null, null, 1, null),
  (high_id, 2024, 6, '탐구1',  40, 60.2, 4, 50),
  -- 2024년 9월 모의고사
  (high_id, 2024, 9, '국어',   82, 68.4, 3, 90),
  (high_id, 2024, 9, '수학',   70, 53.0, 4, 80),
  (high_id, 2024, 9, '영어',   null, null, 2, null),
  (high_id, 2024, 9, '한국사', null, null, 1, null),
  (high_id, 2024, 9, '탐구1',  42, 65.0, 3, 50),
  -- 2025년 3월 학평
  (high_id, 2025, 3, '국어',   84, 72.1, 3, 90),
  (high_id, 2025, 3, '수학',   73, 58.0, 4, 80),
  (high_id, 2025, 3, '영어',   null, null, 2, null),
  (high_id, 2025, 3, '한국사', null, null, 1, null),
  (high_id, 2025, 3, '탐구1',  43, 68.0, 3, 50),
  -- 2025년 6월 모의고사
  (high_id, 2025, 6, '국어',   86, 76.3, 2, 90),
  (high_id, 2025, 6, '수학',   76, 63.2, 3, 80),
  (high_id, 2025, 6, '영어',   null, null, 2, null),
  (high_id, 2025, 6, '한국사', null, null, 1, null),
  (high_id, 2025, 6, '탐구1',  45, 72.0, 3, 50),
  -- 2025년 11월 수능
  (high_id, 2025, 11, '국어',   88, 82.0, 2, 90),
  (high_id, 2025, 11, '수학',   79, 68.4, 3, 80),
  (high_id, 2025, 11, '영어',   null, null, 1, null),
  (high_id, 2025, 11, '한국사', null, null, 1, null),
  (high_id, 2025, 11, '탐구1',  47, 78.0, 2, 50),
  -- 2026년 3월 학평
  (high_id, 2026, 3, '국어',   82, 71.0, 3, 90),
  (high_id, 2026, 3, '수학',   74, 59.0, 4, 80),
  (high_id, 2026, 3, '영어',   null, null, 2, null),
  (high_id, 2026, 3, '한국사', null, null, 1, null),
  (high_id, 2026, 3, '탐구1',  44, 70.0, 3, 50);

  -- NOTE: score_predictions는 의도적으로 비워둠
  --       사용자가 분석 탭에서 "예측 생성" 버튼으로 직접 테스트 가능

END $$;
